course_id,filename,title,skill_level_set,category,proficiency_level,series_name,series_order
chapter-8-introducti,chapter-8-introduction-to-effective-communication-scorm12-k6p_uqpq (1).zip,Chapter 8 Introduction to Effective Communication,Communication & Coaching,Communication & Interpersonal,Awareness,Chapter 8 Introduction to Effective Communication,8
counseling-and-performance-reviews-d-scorm12-dgptjd8r,corrective-counseling-and-performance-reviews-d-scorm12-dgptjd8r.zip,Corrective Counseling and Performance Reviews (d),Communication & Coaching,Communication & Interpersonal,Basic,,
6900d60b-d412-4bc1-a,6900d60b-d412-4bc1-aab7-d068f5c8eb0e (1).zip,Advanced Trimble Accubid Classic Pro,Construction Software,Construction Software,Advanced,,
5b41-4f64-97cd-9e3cf916414e,3354da97-5b41-4f64-97cd-9e3cf916414e.zip,Approving Change Orders in ViewPoint,Construction Software,Construction Software,Basic,,
1-job-plan-theory-scorm12-lhuuftlp,chapter-1-job-plan-theory-scorm12-lhuuftlp.zip,Chapter 1 Job Plan Theory,Construction Software,Construction Software,Proficient,Chapter 1 Job Plan Theory,1
a-pending-change-orders-in-view-point-scorm12-cir_kuef,creating-a-pending-change-orders-in-view-point-scorm12-cir_kuef.zip,Creating a Pending Change Orders in ViewPoint,Construction Software,Construction Software,Basic,,
accubid-pro-scorm12-c6av2ijj,learning-accubid-pro-scorm12-c6av2ijj.zip,Learning Accubid Pro,Construction Software,Construction Software,Basic,,
7-introduction-to-documentation-and-reporting-scorm12-kjbidn5r,chapter-7-introduction-to-documentation-and-reporting-scorm12-kjbidn5r.zip,Chapter 7 Introduction to Documentation and Reporting,Documentation & Compliance,Project Management,Awareness,Chapter 7 Introduction to Documentation and Reporting,7
inspections-pre-task-assessments-briefings-scorm12-mpjt1kbi,workplace-inspections-pre-task-assessments-briefings-scorm12-mpjt1kbi.zip,"Workplace Inspections, Pre-Task Assessments, Briefings",Documentation & Compliance,Project Management,Proficient,,
self-regulation-scorm12-dmovz3bh,boosting-self-regulation-scorm12-dmovz3bh.zip,Boosting Self-Regulation,Emotional Intelligence,Communication & Interpersonal,Basic,,
01-what-is-emotional-intelligence-eq-scorm12-byirin-l,chapter-01-what-is-emotional-intelligence-eq-scorm12-byirin-l.zip,Chapter 01 - What Is Emotional Intelligence (EQ)?,Emotional Intelligence,Communication & Interpersonal,Awareness,Chapter 01 - What Is Emotional Intelligence (EQ)?,1
6-enhancing-your-social-skills-scorm12-idczjurm,chapter-6-enhancing-your-social-skills-scorm12-idczjurm.zip,Chapter 6 - Enhancing Your Social Skills,Emotional Intelligence,Communication & Interpersonal,Basic,Chapter 6 - Enhancing Your Social Skills,6
empathy-scorm12-vhcmzfyl,developing-empathy-scorm12-vhcmzfyl.zip,Developing Empathy,Emotional Intelligence,Communication & Interpersonal,Basic,,
social-skills-scorm12-prqpfyxi,enhancing-social-skills-scorm12-prqpfyxi.zip,Enhancing Social Skills,Emotional Intelligence,Communication & Interpersonal,Basic,,
self-awareness-scorm12-nv0knu1a,improving-self-awareness-scorm12-nv0knu1a.zip,Improving Self-Awareness,Emotional Intelligence,Communication & Interpersonal,Awareness,,
0091-418e-9b45-cee6a5b3aa9c,f40629c8-0091-418e-9b45-cee6a5b3aa9c.zip,Leading With Emotional Intelligence,Emotional Intelligence,Communication & Interpersonal,Basic,,
is-emotional-intelligence-scorm12-2b6hr7hq,what-is-emotional-intelligence-scorm12-2b6hr7hq.zip,What Is Emotional Intelligence?,Emotional Intelligence,Communication & Interpersonal,Awareness,,
0-coach-k-teaches-values-driven-leadership-scorm12-xpvxgbur,1-0-coach-k-teaches-values-driven-leadership-scorm12-xpvxgbur.zip,1.0 Coach K Teaches Values-Driven Leadership,Leadership & Field Management,Leadership & Management,Basic,Coach K Teaches Values,1.0
1-recruit-retain-all-star-talent-scorm12-ap0eangm,11-1-recruit-retain-all-star-talent-scorm12-ap0eangm.zip,11.1 Recruit & Retain All-Star Talent,Leadership & Field Management,Leadership & Management,Basic,Recruit & Retain All,11.1
and-maintaining-team-morale-introduction-to-field-leadership-section-1-scorm12-qbritjmd,building-and-maintaining-team-morale-introduction-to-field-leadership-section-1-scorm12-qbritjmd.zip,Building and Maintaining Team Morale- Introduction to Field Leadership Section - 1,Leadership & Field Management,Leadership & Management,Awareness,,
0-introduction-to-critical-leadership-training-scorm12-qolorhhv,chapter-0-introduction-to-critical-leadership-training-scorm12-qolorhhv.zip,Chapter 0 - Introduction to Critical Leadership Training,Leadership & Field Management,Leadership & Management,Awareness,Chapter 0 - Introduction to Critical Leadership Training,
chapter-02-what-you-,chapter-02-what-you-need-to-know-scorm12-n-qj69jo (1).zip,Chapter 02 - What You Need to Know,Leadership & Field Management,Leadership & Management,Awareness,Chapter 02 - What You Need to Know,2
06-a-brief-history-scorm12-d1yinukr,chapter-06-a-brief-history-scorm12-d1yinukr.zip,Chapter 06 - A Brief History,Leadership & Field Management,Leadership & Management,Awareness,Chapter 06 - A Brief History,6
08-what-processes-need-to-change-scorm12-said6ikm,chapter-08-what-processes-need-to-change-scorm12-said6ikm.zip,Chapter 08 - What Processes Need to Change?,Leadership & Field Management,Leadership & Management,Awareness,Chapter 08 - What Processes Need to Change?,8
09-the-adoption-of-a-new-production-theory-scorm12-ypg1zg6x,chapter-09-the-adoption-of-a-new-production-theory-scorm12-ypg1zg6x.zip,Chapter 09 - The Adoption of a New Production Theory,Leadership & Field Management,Leadership & Management,Awareness,Chapter 09 - The Adoption of a New Production Theory,9
1-what-makes-a-leader-scorm12-gkna64je,chapter-1-what-makes-a-leader-scorm12-gkna64je.zip,Chapter 1 - What Makes A Leader,Leadership & Field Management,Leadership & Management,Proficient,Chapter 1 - What Makes A Leader,1
10-conclusion-leadership-is-the-most-important-skill-scorm12-2vctenpb,chapter-10-conclusion-leadership-is-the-most-important-skill-scorm12-2vctenpb.zip,Chapter 10 - Conclusion: Leadership is the Most Important Skill,Leadership & Field Management,Leadership & Management,Proficient,Chapter 10 - Conclusion: Leadership is the Most Important Skill,10
11-building-and-maintaining-team-morale-scorm12-o9ngi2ph,chapter-11-building-and-maintaining-team-morale-scorm12-o9ngi2ph.zip,Chapter 11 Building and Maintaining Team Morale,Leadership & Field Management,Leadership & Management,Proficient,Chapter 11 Building and Maintaining Team Morale,11
12-empowerment-of-field-personnel-scorm12-tz6n2sy9,chapter-12-empowerment-of-field-personnel-scorm12-tz6n2sy9.zip,Chapter 12 - Empowerment of Field Personnel,Leadership & Field Management,Leadership & Management,Proficient,Chapter 12 - Empowerment of Field Personnel,12
12-using-tool-and-technology-scorm12-jzhv6nfe,chapter-12-using-tool-and-technology-scorm12-jzhv6nfe.zip,Chapter 12 Using Tool and Technology,Leadership & Field Management,Leadership & Management,Proficient,Chapter 12 Using Tool and Technology,12
14-the-sticky-note-format-scorm12-ipzawrxc,chapter-14-the-sticky-note-format-scorm12-ipzawrxc.zip,Chapter 14 - The Sticky Note Format,Leadership & Field Management,Leadership & Management,Proficient,Chapter 14 - The Sticky Note Format,14
16-training-the-industry-scorm12-lnugtlxm,chapter-16-training-the-industry-scorm12-lnugtlxm.zip,Chapter 16 - Training the Industry,Leadership & Field Management,Leadership & Management,Proficient,Chapter 16 - Training the Industry,16
17-reshaping-the-industry-scorm12-ltddpgc0,chapter-17-reshaping-the-industry-scorm12-ltddpgc0.zip,Chapter 17 - Reshaping the Industry,Leadership & Field Management,Leadership & Management,Proficient,Chapter 17 - Reshaping the Industry,17
2-jobsite-efficiency-scorm12-gtwzkr7z,chapter-2-jobsite-efficiency-scorm12-gtwzkr7z.zip,Chapter 2 - Jobsite Efficiency,Leadership & Field Management,Leadership & Management,Basic,Chapter 2 - Jobsite Efficiency,2
2-leadership-is-about-human-interaction-scorm12-hfyi9tl7,chapter-2-leadership-is-about-human-interaction-scorm12-hfyi9tl7.zip,Chapter 2 - Leadership is About Human Interaction,Leadership & Field Management,Leadership & Management,Basic,Chapter 2 - Leadership is About Human Interaction,2
3-coordinating-with-other-trades-scorm12-e-hl3uzr,chapter-3-coordinating-with-other-trades-scorm12-e-hl3uzr.zip,Chapter 3 - Coordinating with Other Trades-,Leadership & Field Management,Leadership & Management,Basic,Chapter 3 - Coordinating with Other Trades-,3
3-new-manager-101-scorm12-yduvl08s,chapter-3-new-manager-101-scorm12-yduvl08s.zip,Chapter 3 - New Manager 101,Leadership & Field Management,Leadership & Management,Basic,Chapter 3 - New Manager 101,3
4-building-an-effective-team-scorm12-lurfzpkv,chapter-4-building-an-effective-team-scorm12-lurfzpkv.zip,Chapter 4 - Building an Effective Team,Leadership & Field Management,Leadership & Management,Basic,Chapter 4 - Building an Effective Team,4
4-construction-vs-manufacturing-scorm12-atugxt47,chapter-4-construction-vs-manufacturing-scorm12-atugxt47.zip,Chapter 4 - Construction vs. Manufacturing,Leadership & Field Management,Leadership & Management,Basic,Chapter 4 - Construction vs. Manufacturing,4
4-document-management-scorm12-tyrhbk9m,chapter-4-document-management-scorm12-tyrhbk9m.zip,Chapter 4 - Document Management,Leadership & Field Management,Leadership & Management,Proficient,Chapter 4 - Document Management,4
5-extreme-ownership-scorm12-ec9unjhp,chapter-5-extreme-ownership-scorm12-ec9unjhp.zip,Chapter 5 - Extreme Ownership,Leadership & Field Management,Leadership & Management,Basic,Chapter 5 - Extreme Ownership,5
5-introduction-to-quality-control-scorm12-hzjpxur3,chapter-5-introduction-to-quality-control-scorm12-hzjpxur3.zip,Chapter 5 - Introduction to Quality Control,Leadership & Field Management,Leadership & Management,Awareness,Chapter 5 - Introduction to Quality Control,5
5-manpower-projection-scorm12-nxcglu2o,chapter-5-manpower-projection-scorm12-nxcglu2o.zip,Chapter 5 - Manpower Projection,Leadership & Field Management,Leadership & Management,Basic,Chapter 5 - Manpower Projection,5
6-introduction-to-team-management-scorm12-ywlcwpmw,chapter-6-introduction-to-team-management-scorm12-ywlcwpmw.zip,Chapter 6 - Introduction to Team Management,Leadership & Field Management,Leadership & Management,Awareness,Chapter 6 - Introduction to Team Management,6
6-leadership-law-1-cover-and-move-scorm12-8ifufrcg,chapter-6-leadership-law-1-cover-and-move-scorm12-8ifufrcg.zip,Chapter 6 - Leadership Law 1: Cover and Move,Leadership & Field Management,Leadership & Management,Basic,Chapter 6 - Leadership Law 1: Cover and Move,6
8-leadership-law-3-prioritize-and-execute-scorm12-t3uuyi2b,chapter-8-leadership-law-3-prioritize-and-execute-scorm12-t3uuyi2b.zip,Chapter 8 - Leadership Law 3: Prioritize and Execute,Leadership & Field Management,Leadership & Management,Basic,Chapter 8 - Leadership Law 3: Prioritize and Execute,8
9-leadership-law-4-decentralize-command-scorm12-k-7vhy3i,chapter-9-leadership-law-4-decentralize-command-scorm12-k-7vhy3i.zip,Chapter 9 - Leadership Law 4: Decentralize Command,Leadership & Field Management,Leadership & Management,Basic,Chapter 9 - Leadership Law 4: Decentralize Command,9
with-other-trades-introduction-to-field-leadership-section-2-scorm12-vclfcl72,coordinating-with-other-trades-introduction-to-field-leadership-section-2-scorm12-vclfcl72.zip,Coordinating with Other Trades- Introduction to Field Leadership Section 2,Leadership & Field Management,Leadership & Management,Awareness,Coordinating with Other Trades- Introduction to Field Leadership,2
2470-4cfd-a8c8-83618f5534df,9e098bfe-2470-4cfd-a8c8-83618f5534df.zip,Copy of Introduction to Field Leadership Section - 1 Skills Traits & Responsibilities,Leadership & Field Management,Leadership & Management,Awareness,,
of-introduction-to-field-leadership-section-3-leadership-scorm12-ehy1h9md,copy-of-introduction-to-field-leadership-section-3-leadership-scorm12-ehy1h9md.zip,Copy of Introduction to Field Leadership Section 3 - Leadership,Leadership & Field Management,Leadership & Management,Awareness,Copy of Introduction to Field Leadership,3
4606-43f5-a757-6fc60095cab4,92ea63ef-4606-43f5-a757-6fc60095cab4.zip,Critical Leadership Training,Leadership & Field Management,Leadership & Management,Basic,,
management-introduction-to-field-leadership-section-2-scorm12-su5ewyse,document-management-introduction-to-field-leadership-section-2-scorm12-su5ewyse.zip,Document Management- Introduction to Field Leadership Section 2,Leadership & Field Management,Leadership & Management,Awareness,Document Management- Introduction to Field Leadership,2
assistance-program-eap-and-mental-health-awareness-field-leadership-4-scorm12-tx9ouuz5,employee-assistance-program-eap-and-mental-health-awareness-field-leadership-4-scorm12-tx9ouuz5.zip,Employee Assistance Program (EAP) and Mental Health Awareness- field leadership -4,Leadership & Field Management,Leadership & Management,Awareness,,
introduction-to-field-leadership-part-4-policy-scorm12-wvlpmgbx,fmla-introduction-to-field-leadership-part-4-policy-scorm12-wvlpmgbx.zip,FMLA Introduction to Field Leadership Part - 4 Policy,Leadership & Field Management,Leadership & Management,Awareness,,
discrimination-and-retaliation-prevention-introduction-to-field-leadership-part-4-scorm12-tkuwfuoz,harassment-discrimination-and-retaliation-prevention-introduction-to-field-leadership-part-4-scorm12-tkuwfuoz.zip,"Harassment, Discrimination, and Retaliation Prevention -Introduction to Field Leadership Part - 4",Leadership & Field Management,Leadership & Management,Awareness,,
self-motivation-scorm12-npmiqa6h,increasing-self-motivation-scorm12-npmiqa6h.zip,Increasing Self-Motivation,Leadership & Field Management,Leadership & Management,Basic,,
your-self-motivation-scorm12-s0eqm439,increasing-your-self-motivation-scorm12-s0eqm439.zip,Increasing Your Self-Motivation,Leadership & Field Management,Leadership & Management,Basic,,
to-documentation-and-reporting-introduction-to-field-leadership-section-1-scorm12-5pb1ub8x,introduction-to-documentation-and-reporting-introduction-to-field-leadership-section-1-scorm12-5pb1ub8x.zip,Introduction to Documentation and Reporting- Introduction to Field Leadership Section - 1,Leadership & Field Management,Leadership & Management,Awareness,,
to-effective-communication-introduction-to-field-leadership-section-1-scorm12-0vyt6ox6,introduction-to-effective-communication-introduction-to-field-leadership-section-1-scorm12-0vyt6ox6.zip,Introduction to Effective Communication- Introduction to Field Leadership Section - 1,Leadership & Field Management,Leadership & Management,Awareness,,
to-field-leadership-part-4-policy-scorm12-vyeh7q-b,introduction-to-field-leadership-part-4-policy-scorm12-vyeh7q-b.zip,Introduction to Field Leadership Part - 4 Policy,Leadership & Field Management,Leadership & Management,Awareness,,
6384-46be-8cf3-eccf3325481d,13d9715d-6384-46be-8cf3-eccf3325481d.zip,Introduction to Field Leadership Part 2 - Anatomy of a Project,Leadership & Field Management,Leadership & Management,Awareness,,
to-field-leadership-section-1-skills-traits-responsibilities-scorm12-pjqoieo4,introduction-to-field-leadership-section-1-skills-traits-responsibilities-scorm12-pjqoieo4.zip,Introduction to Field Leadership Section - 1 Skills Traits & Responsibilities,Leadership & Field Management,Leadership & Management,Awareness,,
to-project-planning-and-execution-introduction-to-field-leadership-section-1-scorm12-gsezq1ll,introduction-to-project-planning-and-execution-introduction-to-field-leadership-section-1-scorm12-gsezq1ll.zip,Introduction to Project Planning and Execution- Introduction to Field Leadership Section - 1,Leadership & Field Management,Leadership & Management,Awareness,,
to-quality-control-introduction-to-field-leadership-section-1-scorm12-gxmgfvvz,introduction-to-quality-control-introduction-to-field-leadership-section-1-scorm12-gxmgfvvz.zip,Introduction to Quality Control- Introduction to Field Leadership Section - 1,Leadership & Field Management,Leadership & Management,Awareness,,
to-team-management-introduction-to-field-leadership-section-1-scorm12-ymggz-66,introduction-to-team-management-introduction-to-field-leadership-section-1-scorm12-ymggz-66.zip,Introduction to Team Management- Introduction to Field Leadership Section - 1,Leadership & Field Management,Leadership & Management,Awareness,,
introduction-to-field-leadership-section-1-skills-traits-responsibilities-scorm12-k-mbpeuu,introduction-introduction-to-field-leadership-section-1-skills-traits-responsibilities-scorm12-k-mbpeuu.zip,Introduction- Introduction to Field Leadership Section - 1 Skills Traits & Responsibilities,Leadership & Field Management,Leadership & Management,Awareness,,
closeout-introduction-to-field-leadership-section-2-scorm12-n6l4pbci,job-closeout-introduction-to-field-leadership-section-2-scorm12-n6l4pbci.zip,Job Closeout- Introduction to Field Leadership Section 2,Leadership & Field Management,Leadership & Management,Awareness,Job Closeout- Introduction to Field Leadership,2
plan-theory-introduction-to-field-leadership-section-2-scorm12-dckui4j2,job-plan-theory-introduction-to-field-leadership-section-2-scorm12-dckui4j2.zip,Job Plan Theory - Introduction to Field Leadership Section 2,Leadership & Field Management,Leadership & Management,Awareness,Job Plan Theory - Introduction to Field Leadership,2
efficiency-introduction-to-field-leadership-section-2-scorm12--oojrobn,jobsite-efficiency-introduction-to-field-leadership-section-2-scorm12--oojrobn.zip,Jobsite Efficiency Introduction to Field Leadership Section 2,Leadership & Field Management,Leadership & Management,Awareness,Jobsite Efficiency Introduction to Field Leadership,2
essentials-introduction-to-field-leadership-section-3-scorm12-bzr6yskm,leadership-essentials-introduction-to-field-leadership-section-3-scorm12-bzr6yskm.zip,Leadership Essentials- Introduction to Field Leadership Section 3,Leadership & Field Management,Leadership & Management,Awareness,Leadership Essentials- Introduction to Field Leadership,3
law-2-keep-it-simple-scorm12-dsimqrvx,leadership-law-2-keep-it-simple-scorm12-dsimqrvx.zip,Leadership Law 2: Keep it Simple,Leadership & Field Management,Leadership & Management,Basic,,
553b-4e66-96bc-faa72589fe5d,3f5b3717-553b-4e66-96bc-faa72589fe5d.zip,Managing Sub-contractors,Leadership & Field Management,Leadership & Management,Basic,,
projection-introduction-to-field-leadership-section-2-scorm12-9-7cbil_,manpower-projection-introduction-to-field-leadership-section-2-scorm12-9-7cbil_.zip,Manpower Projection - Introduction to Field Leadership Section 2 -,Leadership & Field Management,Leadership & Management,Awareness,Manpower Projection - Introduction to Field Leadership,2
your-team-scorm12-c3gfnv1x,motivating-your-team-scorm12-c3gfnv1x.zip,Motivating Your Team,Leadership & Field Management,Leadership & Management,Basic,,
e80d-4659-bedc-532cd6a7838e,2a3202a4-e80d-4659-bedc-532cd6a7838e.zip,"Project Structure, Delegation, and Team Development",Leadership & Field Management,Leadership & Management,Basic,,
and-responsibilities-of-a-foreman-scorm12-fuwrpeep,roles-and-responsibilities-of-a-foreman-scorm12-fuwrpeep.zip,Roles and Responsibilities of a Foreman,Leadership & Field Management,Leadership & Management,Basic,,
and-responsibilties-of-a-foreman-introduction-to-field-leadership-section-1-scorm12-j7alnrme,roles-and-responsibilties-of-a-foreman-introduction-to-field-leadership-section-1-scorm12-j7alnrme.zip,Roles and Responsibilties of a Foreman Introduction to Field Leadership Section - 1,Leadership & Field Management,Leadership & Management,Awareness,,
abuse-introduction-to-field-leadership-part-4-policy-scorm12-mp01ux4h,substance-abuse-introduction-to-field-leadership-part-4-policy-scorm12-mp01ux4h.zip,Substance Abuse- Introduction to Field Leadership Part - 4 Policy,Leadership & Field Management,Leadership & Management,Awareness,,
scorm12-2n9lhzco,test-scorm12-2n9lhzco.zip,TEST,Leadership & Field Management,Leadership & Management,Basic,,
for-better-communication-and-feedback-introduction-to-field-leadership-section-3-scorm12-eunu31cm,techniques-for-better-communication-and-feedback-introduction-to-field-leadership-section-3-scorm12-eunu31cm.zip,Techniques for Better Communication and Feedback Introduction to Field Leadership Section 3 -,Leadership & Field Management,Leadership & Management,Awareness,Techniques for Better Communication and Feedback Introduction to Field Leadership,3
scorm12-xrofbisj,untitled-scorm12-xrofbisj.zip,Untitled Xrofbisj,Leadership & Field Management,Leadership & Management,Basic,,
tool-and-technology-introduction-to-field-leadership-section-1-scorm12-q5xzm9rq,using-tool-and-technology-introduction-to-field-leadership-section-1-scorm12-q5xzm9rq.zip,Using Tool and Technology- Introduction to Field Leadership Section - 1,Leadership & Field Management,Leadership & Management,Awareness,,
8075-4ede-84eb-8fb88fd3d500,ab06661d-8075-4ede-84eb-8fb88fd3d500.zip,Values Driven Leadership : 1 Coach K Teaches Values-Driven Leadership,Leadership & Field Management,Leadership & Management,Basic,,
b64f-439b-89c8-784b842c2691,03fd4e80-b64f-439b-89c8-784b842c2691.zip,Values Driven Leadership : 10 Planning Your Next Play,Leadership & Field Management,Leadership & Management,Basic,,
1d22-4d32-9dcc-ba401140474a,1a8c5a7e-1d22-4d32-9dcc-ba401140474a.zip,Values Driven Leadership : 12 Improve Individual Performance,Leadership & Field Management,Leadership & Management,Basic,,
6e7a-44e9-843a-990cd8f81814,493823b2-6e7a-44e9-843a-990cd8f81814.zip,Values Driven Leadership : 13 Give Feedback,Leadership & Field Management,Leadership & Management,Basic,,
7596-47c8-a379-721843310b5c,21bd2729-7596-47c8-a379-721843310b5c.zip,Values Driven Leadership : 14 Develop Emerging Leaders,Leadership & Field Management,Leadership & Management,Basic,,
e80f-43e7-9a6e-03781a978a09,781af65a-e80f-43e7-9a6e-03781a978a09.zip,Values Driven Leadership : 17 Bounce Back from a Loss,Leadership & Field Management,Leadership & Management,Basic,,
e40a-47e1-b34c-48b387997be5,0e803e8d-e40a-47e1-b34c-48b387997be5.zip,Values Driven Leadership : 2 Define Your Core Values,Leadership & Field Management,Leadership & Management,Basic,,
172f-41c2-94bb-0a8dce777c94,d226d1a8-172f-41c2-94bb-0a8dce777c94.zip,Values Driven Leadership : 3 Cultivate a Winning Team,Leadership & Field Management,Leadership & Management,Basic,,
0635-4e68-8128-ee32d9f6b657,02d67ee1-0635-4e68-8128-ee32d9f6b657.zip,Values Driven Leadership : 4 Own Your Team,Leadership & Field Management,Leadership & Management,Basic,,
93d6-4241-8c0a-15c45ba89e7a,d4544a6e-93d6-4241-8c0a-15c45ba89e7a.zip,Values Driven Leadership : 5 Making Reads,Leadership & Field Management,Leadership & Management,Basic,,
44e6-4646-8344-d7a09c854b08,7062beb5-44e6-4646-8344-d7a09c854b08.zip,Values Driven Leadership : 6 Read Your People,Leadership & Field Management,Leadership & Management,Basic,,
8bd2-4452-866c-aec8e427dd4a,4c765778-8bd2-4452-866c-aec8e427dd4a.zip,Values Driven Leadership : 7 The Ultimate Motion Offense,Leadership & Field Management,Leadership & Management,Basic,,
acc3-4ada-9d4c-179765442bbe,56ba7bcd-acc3-4ada-9d4c-179765442bbe.zip,Values Driven Leadership : 8 Effective Communication,Leadership & Field Management,Leadership & Management,Basic,,
7325-42e0-9bea-0851cc7478d7,ab28f5f2-7325-42e0-9bea-0851cc7478d7.zip,Values Driven Leadership : 9 Leading With Emotion,Leadership & Field Management,Leadership & Management,Basic,,
d9af-40ab-9427-69df0143e71d,0c553a0f-d9af-40ab-9427-69df0143e71d.zip,Values Driven Leadership: 11 Recruit and Retain All-Stars,Leadership & Field Management,Leadership & Management,Basic,,
fb62-4ad8-ba1e-d0ec6ff9b0ec,66943eda-fb62-4ad8-ba1e-d0ec6ff9b0ec.zip,Values Driven Leadership: 15 Create a Legacy of Leaders,Leadership & Field Management,Leadership & Management,Basic,,
9f5d-432c-9ab9-80e79b9d98b1,afc32b71-9f5d-432c-9ab9-80e79b9d98b1.zip,Values Driven Leadership: 16 Make a Habit of Motivation,Leadership & Field Management,Leadership & Management,Basic,,
01-embracing-lean-productivity-scorm12-rrruldwd,chapter-01-embracing-lean-productivity-scorm12-rrruldwd.zip,Chapter 01 - Embracing Lean Productivity,Lean Construction,Lean & Productivity,Awareness,Chapter 01 - Embracing Lean Productivity,1
05-what-is-lean-scorm12-pvxdpabr,chapter-05-what-is-lean-scorm12-pvxdpabr.zip,Chapter 05 - What is Lean?,Lean Construction,Lean & Productivity,Awareness,Chapter 05 - What is Lean?,5
07-how-does-lean-apply-to-construction-scorm12-wji5bpej,chapter-07-how-does-lean-apply-to-construction-scorm12-wji5bpej.zip,Chapter 07 - How Does Lean Apply to Construction?,Lean Construction,Lean & Productivity,Awareness,Chapter 07 - How Does Lean Apply to Construction?,7
10-identifying-waste-in-construction-scorm12-rttb6txz,chapter-10-identifying-waste-in-construction-scorm12-rttb6txz.zip,Chapter 10 - Identifying Waste in Construction,Lean Construction,Lean & Productivity,Proficient,Chapter 10 - Identifying Waste in Construction,10
chapter-11-minimizin,chapter-11-minimizing-waste-at-a-project-level-scorm12-bb8uiief (1).zip,Chapter 11 - Minimizing Waste at a Project Level,Lean Construction,Lean & Productivity,Proficient,Chapter 11 - Minimizing Waste at a Project Level,11
13-pull-planning-scorm12-ne5la4rr,chapter-13-pull-planning-scorm12-ne5la4rr.zip,Chapter 13 - Pull Planning,Lean Construction,Lean & Productivity,Proficient,Chapter 13 - Pull Planning,13
15-continuous-improvement-scorm12-s6uwlft8,chapter-15-continuous-improvement-scorm12-s6uwlft8.zip,Chapter 15 - Continuous Improvement,Lean Construction,Lean & Productivity,Proficient,Chapter 15 - Continuous Improvement,15
management-introduction-to-lean-construction-scorm12-ix45_zjt,construction-management-introduction-to-lean-construction-scorm12-ix45_zjt.zip,Construction Management: Introduction to Lean Construction,Lean Construction,Lean & Productivity,Awareness,,
eight-wastes-of-construction-scorm12-9_faca08,the-eight-wastes-of-construction-scorm12-9_faca08.zip,The Eight Wastes of Construction,Lean Construction,Lean & Productivity,Basic,,
is-lean-scorm12-5l-lsg8r,what-is-lean-scorm12-5l-lsg8r.zip,"What is ""LEAN""",Lean Construction,Lean & Productivity,Awareness,,
effective-performance-reviews-scorm12-8ihyn2kz,conducting-effective-performance-reviews-scorm12-8ihyn2kz.zip,Conducting Effective Performance Reviews,Performance Management,Leadership & Management,Basic,,
conducting effective,conducting effective performance reviews - scorm.zip,Conducting effective Performance Reviews - AI video generated with Synthesia,Performance Management,Leadership & Management,Basic,,
management-scorm12-yNAMmSEg,performance-management-scorm12-yNAMmSEg.zip,Performance Management,Performance Management,Leadership & Management,Proficient,,
art-of-presenting-1-of-3-scorm12-8zxc6t4x,the-art-of-presenting-1-of-3-scorm12-8zxc6t4x.zip,The Art of Presenting - 1 of 3,Professional Development,Professional Development,Basic,,
art-of-presenting-2-of-3-scorm12-l_ebmf_n,the-art-of-presenting-2-of-3-scorm12-l_ebmf_n.zip,The Art of Presenting - 2 of 3,Professional Development,Professional Development,Basic,,
art-of-presenting-3-of-3-scorm12-medonbco,the-art-of-presenting-3-of-3-scorm12-medonbco.zip,The Art of Presenting - 3 of 3,Professional Development,Professional Development,Basic,,
art-of-presenting-chapter-1-the-power-of-great-presenting-scorm12-vamagq-w,the-art-of-presenting-chapter-1-the-power-of-great-presenting-scorm12-vamagq-w.zip,The Art of Presenting - Chapter 1: The Power of Great Presenting,Professional Development,Professional Development,Proficient,The Art of Presenting,1
art-of-presenting-chapter-2-the-givers-mindset-scorm12-ku2y7zgl,the-art-of-presenting-chapter-2-the-givers-mindset-scorm12-ku2y7zgl.zip,The Art of Presenting - Chapter 2: The Giver's Mindset,Professional Development,Professional Development,Basic,The Art of Presenting,2
art-of-presenting-chapter-3-building-your-outline-scorm12-c-q6adkv,the-art-of-presenting-chapter-3-building-your-outline-scorm12-c-q6adkv.zip,The Art of Presenting - Chapter 3: Building Your Outline,Professional Development,Professional Development,Basic,The Art of Presenting,3
art-of-presenting-chapter-5-a-preparing-to-present-scorm12-1s5yhlrb,the-art-of-presenting-chapter-5-a-preparing-to-present-scorm12-1s5yhlrb.zip,The Art of Presenting - Chapter 5a: Preparing to Present,Professional Development,Professional Development,Basic,The Art of Presenting,5
art-of-presenting-chapter-6-making-a-first-impression-scorm12-wmxcgy5v,the-art-of-presenting-chapter-6-making-a-first-impression-scorm12-wmxcgy5v.zip,The Art of Presenting - Chapter 6: Making a First Impression,Professional Development,Professional Development,Basic,The Art of Presenting,6
art-of-presenting-chapter-7-a-1-delivering-your-presentation-scorm12-bz_habq9,the-art-of-presenting-chapter-7-a-1-delivering-your-presentation-scorm12-bz_habq9.zip,The Art of Presenting - Chapter 7a.1: Delivering Your Presentation,Professional Development,Professional Development,Basic,The Art of Presenting,7
art-of-presenting-chapter-7-a-delivering-your-presentation-scorm12-mda1rlln,the-art-of-presenting-chapter-7-a-delivering-your-presentation-scorm12-mda1rlln.zip,The Art of Presenting - Chapter 7a: Delivering Your Presentation,Professional Development,Professional Development,Basic,The Art of Presenting,7
the-art-of-presentin,the-art-of-presenting-chapter-7-b-delivering-your-presentation-scorm12-w8rvumau (1).zip,The Art of Presenting - Chapter 7b: Delivering Your Presentation,Professional Development,Professional Development,Basic,The Art of Presenting,7
the-art-of-presentin,the-art-of-presenting-chapter-7-c-delivering-your-presentation-scorm12-omhngorm (1).zip,The Art of Presenting - Chapter 7c: Delivering Your Presentation,Professional Development,Professional Development,Basic,The Art of Presenting,7
the-art-of-presentin,the-art-of-presenting-chapter-7-d-delivering-your-presentation-scorm12-rqczlxog (1).zip,The Art of Presenting - Chapter 7d: Delivering Your Presentation,Professional Development,Professional Development,Basic,The Art of Presenting,7
art-of-presenting-chapter-4-creating-your-slides-scorm12-0sloaxu1,the-art-of-presenting-chapter-4-creating-your-slides-scorm12-0sloaxu1.zip,The Art of Presenting -Chapter 4: Creating Your Slides,Professional Development,Professional Development,Basic,The Art of Presenting,4
common-time-wasters-introduction-to-field-leadership-section-1-scorm12-_pz4ofaz,avoiding-common-time-wasters-introduction-to-field-leadership-section-1-scorm12-_pz4ofaz.zip,Avoiding Common Time Wasters- Introduction to Field Leadership Section - 1,Project Planning & Productivity,Project Management,Awareness,,
03-productivity-in-construction-scorm12-imnm9mxy,chapter-03-productivity-in-construction-scorm12-imnm9mxy.zip,Chapter 03 - Productivity in Construction,Project Planning & Productivity,Project Management,Awareness,Chapter 03 - Productivity in Construction,3
10-avoiding-common-time-wasters-scorm12-rakckav4,chapter-10-avoiding-common-time-wasters-scorm12-rakckav4.zip,Chapter 10 Avoiding Common Time Wasters,Project Planning & Productivity,Project Management,Proficient,Chapter 10 Avoiding Common Time Wasters,10
3-introduction-to-project-planning-and-execution-scorm12-7wuf3mox,chapter-3-introduction-to-project-planning-and-execution-scorm12-7wuf3mox.zip,Chapter 3 Introduction to Project Planning and Execution,Project Planning & Productivity,Project Management,Awareness,Chapter 3 Introduction to Project Planning and Execution,3
chapter-9-time-manag,chapter-9-time-management-scorm12-gifb0r3z (1).zip,Chapter 9 Time Management,Project Planning & Productivity,Project Management,Proficient,Chapter 9 Time Management,9
on-site-productivity,on-site-productivity-scorm12-m7-7zmzj (1).zip,On-Site Productivity,Project Planning & Productivity,Project Management,Basic,,
management-introduction-to-field-leadership-section-1-scorm12-ecy9z7j1,time-management-introduction-to-field-leadership-section-1-scorm12-ecy9z7j1.zip,Time Management - Introduction to Field Leadership Section - 1,Project Planning & Productivity,Project Management,Awareness,,
nfpa-70-e-required-boundaries-scorm12-dumyti56,2024-nfpa-70-e-required-boundaries-scorm12-dumyti56.zip,2024 NFPA 70E Required Boundaries,Safety,Safety & Compliance,Basic,,
b95f-4fad-b859-fe5a6a84824e,3c1c9fac-b95f-4fad-b859-fe5a6a84824e.zip,A Commitment to Zero Broken Lives- New Hire Safety Orientation,Safety,Safety & Compliance,Awareness,,
lockout-removal-procedures-scorm12-nyjwgrko,abnormal-lockout-removal-procedures-scorm12-nyjwgrko.zip,Abnormal Lockout Removal Procedures,Safety,Safety & Compliance,Proficient,,
flash-personal-protective-equipment-ppe-scorm12-4M7f_E64,arc-flash-personal-protective-equipment-ppe-scorm12-4M7f_E64.zip,Arc Flash Personal Protective Equipment (PPE),Safety,Safety & Compliance,Basic,,
4-introduction-to-safety-management-scorm12-jkruifsj,chapter-4-introduction-to-safety-management-scorm12-jkruifsj.zip,Chapter 4 Introduction to Safety Management,Safety,Safety & Compliance,Awareness,Chapter 4 Introduction to Safety Management,4
f5d1-4131-bc2a-8acbb03cd182,640d3a2d-f5d1-4131-bc2a-8acbb03cd182.zip,Commitment to Safety : A Shared Responsibility- New Hire Safety Orientation,Safety,Safety & Compliance,Awareness,,
d61d-4b14-979b-7e7360f22583,bc18133e-d61d-4b14-979b-7e7360f22583.zip,Complex Lockout-Tagout Procedures,Safety,Safety & Compliance,Advanced,,
shock-arc-flash-risk-assessments-safety-related-work-practices-scorm12-2z6u87fa,electrical-shock-arc-flash-risk-assessments-safety-related-work-practices-scorm12-2z6u87fa.zip,Electrical Shock & Arc Flash Risk Assessments (Safety-Related Work Practices),Safety,Safety & Compliance,Proficient,,
3831c3b1-2959-47c3-9,3831c3b1-2959-47c3-9eb2-0bb7c0bb06cf (1).zip,Fall Protection In Industrial And Construction Environments,Safety,Safety & Compliance,Basic,,
protection-in-industrial-and-construction-environments-edges-openings-and-guarding-scorm12-ulhh_oba,fall-protection-in-industrial-and-construction-environments-edges-openings-and-guarding-scorm12-ulhh_oba.zip,"Fall Protection In Industrial And Construction Environments: Edges, Openings And Guarding",Safety,Safety & Compliance,Basic,,
679c-4f00-b8a6-b62accb23d0d,8d96dbf9-679c-4f00-b8a6-b62accb23d0d.zip,GSL's New Hire Safety Orientation,Safety,Safety & Compliance,Awareness,,
5d88-4056-8a6e-4290ba8a5a5d,4896725b-5d88-4056-8a6e-4290ba8a5a5d.zip,Hazard Communication,Safety,Safety & Compliance,Basic,,
e8aa-4ce3-b528-8ce05aef937f,75a49409-e8aa-4ce3-b528-8ce05aef937f.zip,Information Found on Container Labels,Safety,Safety & Compliance,Basic,,
to-safety-management-introduction-to-field-leadership-section-1-scorm12-xqqzeydb,introduction-to-safety-management-introduction-to-field-leadership-section-1-scorm12-xqqzeydb.zip,Introduction to Safety Management- Introduction to Field Leadership Section - 1,Safety,Safety & Compliance,Awareness,,
f841-41c0-b15d-5e00a8415db9,c1fd58d5-f841-41c0-b15d-5e00a8415db9.zip,Introduction to planning and Controlling Hazards - T.R.A.C.K.,Safety,Safety & Compliance,Awareness,,
362f-42ef-8158-994ddd66e70e,095abf5a-362f-42ef-8158-994ddd66e70e.zip,Lockout Tagout Procedures,Safety,Safety & Compliance,Proficient,,
lockout-tagout-proce,lockout-tagout-procedures-abnormal-lockout-removal-procedures-scorm12-x9mn1h5s (1).zip,Lockout Tagout Procedures - Abnormal Lockout Removal Procedures,Safety,Safety & Compliance,Proficient,,
tagout-procedures-complex-lockout-tagout-procedures-scorm12-r6juiurw,lockout-tagout-procedures-complex-lockout-tagout-procedures-scorm12-r6juiurw.zip,Lockout Tagout Procedures - Complex Lockout-Tagout Procedures,Safety,Safety & Compliance,Advanced,,
tagout-procedures-hazardous-energy-control-lockout-tagout-scorm12-berhmiwr,lockout-tagout-procedures-hazardous-energy-control-lockout-tagout-scorm12-berhmiwr.zip,Lockout Tagout Procedures - Hazardous Energy Control (Lockout Tagout),Safety,Safety & Compliance,Proficient,,
tagout-procedures-return-to-service-procedures-scorm12-_dkqhcuy,lockout-tagout-procedures-return-to-service-procedures-scorm12-_dkqhcuy.zip,Lockout Tagout Procedures - Return To Service Procedures,Safety,Safety & Compliance,Proficient,,
tagout-procedures-simple-lockout-tagout-procedures-scorm12-rj5zpfvf,lockout-tagout-procedures-simple-lockout-tagout-procedures-scorm12-rj5zpfvf.zip,Lockout Tagout Procedures - Simple Lockout-Tagout Procedures,Safety,Safety & Compliance,Proficient,,
tagout-procedures-verifying-a-de-energized-condition-scorm12-ukdghbg_,lockout-tagout-procedures-verifying-a-de-energized-condition-scorm12-ukdghbg_.zip,Lockout Tagout Procedures - Verifying a De-Energized Condition,Safety,Safety & Compliance,Proficient,,
c340-4ef1-8a94-9dddd55b3f0d,64df4a34-c340-4ef1-8a94-9dddd55b3f0d.zip,Nevada's Employee Rights and Responsibilities - New Hire Safety Orientation,Safety,Safety & Compliance,Awareness,,
hire-safety-orientation-scorm12-n-zkxxau,new-hire-safety-orientation-scorm12-n-zkxxau.zip,New Hire Safety Orientation,Safety,Safety & Compliance,Awareness,,
as-focus-four-workplace-hazards-scorm12-_eefrmuc,osh-as-focus-four-workplace-hazards-scorm12-_eefrmuc.zip,OSHAâ€™s Focus Four Workplace Hazards,Safety,Safety & Compliance,Basic,,
c0c3-4b2c-9f6e-baba0ac1bc61,1bcd2f05-c0c3-4b2c-9f6e-baba0ac1bc61.zip,Permit-Required Confined Spaces,Safety,Safety & Compliance,Basic,,
7dc6-4649-84de-f3637bde375d,5c12a5da-7dc6-4649-84de-f3637bde375d.zip,Permitted Energized Work & Required Energized Work Permit,Safety,Safety & Compliance,Basic,,
23d3-4329-b781-9aa96ae455e8,35b692b7-23d3-4329-b781-9aa96ae455e8.zip,"Preventing Slips, Trips and Falls",Safety,Safety & Compliance,Basic,,
precautions-practices-energized-work-scorm12-pfsg-qmp,required-precautions-practices-energized-work-scorm12-pfsg-qmp.zip,Required Precautions & Practices - Energized Work,Safety,Safety & Compliance,Basic,,
precautions-practices-testing-troubleshooting-scorm12-ixvxs06l,required-precautions-practices-testing-troubleshooting-scorm12-ixvxs06l.zip,Required Precautions & Practices - Testing & Troubleshooting,Safety,Safety & Compliance,Basic,,
0243-4b21-b9b7-a54215bbda0b,fa99d337-0243-4b21-b9b7-a54215bbda0b.zip,Return To Service Procedures,Safety,Safety & Compliance,Proficient,,
electrical-work-practices-and-the-2024-nfpa-70-e-for-electrical-workers-scorm12-o1fsru32,safe-electrical-work-practices-and-the-2024-nfpa-70-e-for-electrical-workers-scorm12-o1fsru32.zip,Safe Electrical Work Practices And The 2024 NFPA 70E For Electrical Workers,Safety,Safety & Compliance,Basic,,
5696-4c87-bc57-ee2143596b89,98b56719-5696-4c87-bc57-ee2143596b89.zip,Safely Accessing a Scaffold,Safety,Safety & Compliance,Basic,,
coordinator-10-0-injury-case-management-scorm12-bhn-skit,safety-coordinator-10-0-injury-case-management-scorm12-bhn-skit.zip,Safety Coordinator - 10.0 Injury & Case Management,Safety,Safety & Compliance,Proficient,,
coordinator-11-0-osha-msha-inspections-scorm12-1cfxq7kp,safety-coordinator-11-0-osha-msha-inspections-scorm12-1cfxq7kp.zip,Safety Coordinator - 11.0 OSHA & MSHA Inspections,Safety,Safety & Compliance,Basic,,
coordinator-3-0-employee-safety-orientation-scorm12-wwdhs8xs,safety-coordinator-3-0-employee-safety-orientation-scorm12-wwdhs8xs.zip,Safety Coordinator - 3.0 Employee Safety Orientation,Safety,Safety & Compliance,Awareness,,
safety-coordinator-4,safety-coordinator-4-0-task-training-scorm12-1lqdglp (1).zip,Safety Coordinator - 4.0 Task Training,Safety,Safety & Compliance,Basic,,
coordinator-5-0-safety-meetings-scorm12--kplybaq,safety-coordinator-5-0-safety-meetings-scorm12--kplybaq.zip,Safety Coordinator - 5.0 Safety Meetings,Safety,Safety & Compliance,Basic,,
coordinator-6-0-project-planning-identifying-hazards-scorm12-pa7utguc,safety-coordinator-6-0-project-planning-identifying-hazards-scorm12-pa7utguc.zip,Safety Coordinator - 6.0 Project Planning & Identifying Hazards,Safety,Safety & Compliance,Basic,,
coordinator-7-0-safety-inspections-scorm12-dsf-btet,safety-coordinator-7-0-safety-inspections-scorm12-dsf-btet.zip,Safety Coordinator - 7.0 Safety Inspections,Safety,Safety & Compliance,Basic,,
coordinator-8-0-disciplinary-action-scorm12-efm1bzaa,safety-coordinator-8-0-disciplinary-action-scorm12-efm1bzaa.zip,Safety Coordinator - 8.0 Disciplinary Action,Safety,Safety & Compliance,Basic,,
coordinator-9-0-accident-incident-investigations-scorm12-viiehqfz,safety-coordinator-9-0-accident-incident-investigations-scorm12-viiehqfz.zip,Safety Coordinator - 9.0 Accident & Incident Investigations,Safety,Safety & Compliance,Basic,,
15c2-4272-937c-8c20a0b71e21,7ba26b66-15c2-4272-937c-8c20a0b71e21.zip,Safety Data Sheets,Safety,Safety & Compliance,Basic,,
a94f-49d5-ac01-4a211024faa0,b792b1d9-a94f-49d5-ac01-4a211024faa0.zip,Simple Lockout-Tagout Procedures,Safety,Safety & Compliance,Proficient,,
0aa1-40d0-8653-3cf6c5a31466,c2ef003b-0aa1-40d0-8653-3cf6c5a31466.zip,Supported Scaffolding Safety in Industrial and Construction Environments,Safety,Safety & Compliance,Basic,,
3b20-43df-90c2-6c28b3ca4a5f,0fed7f77-3b20-43df-90c2-6c28b3ca4a5f.zip,Supported Scaffolds and OSHA Regulations,Safety,Safety & Compliance,Basic,,
7631-4483-a177-9d75bcfa828d,b9294f00-7631-4483-a177-9d75bcfa828d.zip,The Written Hazard Communication Plan,Safety,Safety & Compliance,Basic,,
586b-412a-88fb-0a50c800ba67,5a311cb4-586b-412a-88fb-0a50c800ba67.zip,Types Of Chemical Hazards,Safety,Safety & Compliance,Basic,,
c8f4-4239-9186-9e9be0dcd045,7eb6fa30-c8f4-4239-9186-9e9be0dcd045.zip,Using Portable and Fixed Ladders,Safety,Safety & Compliance,Basic,,
a-de-energized-condition-scorm12-tl-lwmmj,verifying-a-de-energized-condition-scorm12-tl-lwmmj.zip,Verifying a De-Energized Condition,Safety,Safety & Compliance,Basic,,
safely-on-scaffolding-scorm12-0txrzw9l,working-safely-on-scaffolding-scorm12-0txrzw9l.zip,Working Safely on Scaffolding,Safety,Safety & Compliance,Basic,,
